date_time,product_visitors,product_page_views,product_page_bounce_rate,search_clicks,product_likes,total_sales
1,87,205,30.83570002,0,1,908
2,108,230,29.52500004,0,3,1060
3,79,182,19.96669999,0,1,5440
4,66,169,12.50400002,0,4,4765
5,104,155,18.66519997,0,3,860
6,51,113,22.58330002,0,0,0
7,52,133,12.6461,0,1,4780
8,108,164,24.57490003,0,2,0
9,82,129,19.20189998,0,0,1660
10,97,171,23.51770002,0,0,4150
11,75,133,20.0654,0,0,0
12,96,147,27.60429999,0,0,0
13,55,97,19.37270004,0,1,0
14,49,75,11.34530002,0,0,460
15,45,74,16.92380002,0,2,0
16,58,88,18.28340003,0,1,2620
17,36,65,14.91670001,0,0,1260
18,50,78,16.46429998,0,1,0
19,84,128,23.57860003,0,2,0
20,97,134,27.79450005,0,1,460
21,81,111,30.63330001,0,1,0
22,71,113,26.67860001,0,0,0
23,72,188,14.95549999,0,15,2900
24,120,202,29.13850003,0,4,0
25,79,160,12.56360003,0,1,0
26,152,280,27.44659999,0,0,0
27,274,587,25.29230002,0,8,6040
28,240,411,34.4412,0,3,3180
29,114,232,23.671,0,3,2580
30,141,223,24.0147,0,1,3319
31,188,361,36.3998,0,4,0
32,117,235,17.30590004,0,2,1060
33,195,347,32.60940009,0,3,0
34,117,208,21.76449996,0,6,2720
35,202,368,28.56640002,0,8,1660
36,143,276,25.11909997,0,2,2061
37,124,277,32.04470003,0,3,2720
38,76,129,16.7119,0,0,960
39,47,63,20.08329999,0,0,0
40,69,96,26.05000001,0,5,0
41,73,98,22.14530003,0,0,0
42,66,85,18.72979999,0,0,0
43,31,38,15.66680002,0,0,0
44,53,85,17.85000005,0,2,0
45,46,67,15.80000001,0,1,0
46,91,135,28.20340002,0,2,0
47,42,59,19.07139999,0,0,0
48,81,115,19.24530005,0,0,0
49,97,144,26.05239996,0,0,0
50,107,182,18.47689998,0,2,0
51,232,457,37.16449994,0,2,5050
52,199,378,18.3134,0,7,5040
53,191,345,38.0819,0,9,3180
54,127,238,25.6058,0,0,2010
55,102,151,18.07480004,0,3,0
56,91,144,31.03970003,0,0,0
57,82,107,21.41370001,0,2,0
58,90,148,24.65480009,0,1,410
59,178,381,33.72860003,0,4,5171
60,162,334,20.50940001,0,5,6860
61,151,258,25.91990001,0,0,1820
62,215,492,28.89990011,0,6,3580
63,406,757,45.59829995,0,8,3180
64,210,424,33.35769996,0,4,6140
65,157,310,37.98730001,0,8,0
66,173,354,25.65239999,0,0,976
67,138,276,29.39850003,0,2,0
68,117,254,28.71970004,0,3,1610
69,189,333,29.73320007,0,5,0
70,258,474,33.75670004,0,4,2980
71,188,506,32.95129997,0,8,0
72,161,302,20.46110004,0,11,1120
73,236,520,38.10110009,0,2,1100
74,251,537,26.39499998,0,4,9092
75,170,315,31.79599994,0,1,2380
76,155,261,33.52770001,0,5,2920
77,253,422,37.3387,0,2,0
78,213,389,33.77730006,0,2,1120
79,120,213,14.09279998,0,4,0
80,207,396,32.14380008,0,3,660
81,271,527,34.49960008,0,5,720
82,285,528,44.74049996,0,8,2430
83,266,458,28.82690012,0,5,1604
84,246,458,34.29229999,0,2,3200
85,282,503,31.7166,0,3,6082
86,345,560,45.08600001,0,9,2880
87,571,1256,51.09700009,0,11,20095
88,471,861,43.95039998,0,9,8435
89,473,805,39.01930004,0,11,1160
90,310,535,25.76740007,0,9,1095
91,274,590,34.70789997,0,10,8910
92,440,853,47.41770002,0,10,3940
93,209,412,40.25810003,0,3,3700
94,348,643,32.25910002,0,11,5670
95,395,849,30.68260011,0,7,10436
96,357,559,43.63629997,0,8,2771
97,487,908,40.44970003,0,8,4897
98,498,850,56.91900001,0,6,1860
99,473,872,33.15839992,0,28,2540
100,636,1257,47.7753,0,35,6920
101,372,683,33.23490001,0,14,2019
102,450,950,29.23899998,0,16,5470
103,435,816,40.25090003,0,18,2520
104,581,1163,38.30120017,0,11,3340
105,495,932,45.27650005,0,10,13601
106,467,744,46.46319997,0,7,2750
107,407,708,42.89900011,0,17,2900
108,372,682,41.40970013,0,12,0
109,1597,2293,58.93150008,0,39,5270
110,697,1229,41.28610006,0,24,4200
111,422,668,46.59410004,0,7,360
112,326,540,42.9442001,0,7,660
113,398,714,33.14999999,0,23,2180
114,387,715,34.34560002,0,5,5840
115,433,834,35.34540002,0,7,1035
116,278,476,43.12040004,0,3,2320
117,389,663,41.09079999,0,16,0
118,474,890,33.79640007,0,8,920
119,461,784,42.03290007,0,7,460
120,560,1174,42.19949998,0,18,760
121,525,987,36.0201,0,21,4690
122,568,1009,42.69990021,0,14,5170
123,564,973,48.09790003,0,10,1410
124,749,1267,36.92840004,0,31,10641
125,495,935,31.55200005,0,6,7315
126,498,915,31.09469992,0,12,3890
127,646,1161,29.38479993,0,11,6320
128,532,989,42.34189999,0,17,1380
129,436,821,41.81100011,0,8,7340
130,382,637,39.65059999,0,11,4310
131,438,736,39.5959999,0,7,6450
132,540,873,45.85479996,0,0,2290
133,493,825,53.76490003,0,7,2430
134,390,664,32.44699995,0,6,6915
135,431,757,51.75999996,0,9,1370
136,352,631,55.28550005,0,2,1690
137,373,723,45.15860008,0,12,1650
138,223,379,29.21229997,0,4,1118
139,204,314,32.37020007,0,3,0
140,285,481,39.64210004,0,9,560
141,295,593,29.16670009,0,6,6510
142,383,744,49.61939999,0,10,3750
143,414,715,43.35059994,0,11,2430
144,348,585,30.96020004,0,3,460
145,409,730,34.10820004,0,9,770
146,432,800,29.06370014,0,11,5828
147,343,624,46.70329997,0,3,2698
148,290,535,30.69180006,0,5,2980
149,368,565,48.09920013,0,3,2120
150,373,652,41.68890013,0,3,4091
151,626,1204,39.38019998,0,15,4800
152,483,873,41.07619998,0,17,4780
153,456,951,29.54220003,0,13,3447
154,385,715,44.23910013,0,5,1370
155,372,658,42.1383,0,4,1260
156,583,1107,50.13279992,0,14,6189
157,408,745,40.87380007,0,17,6038
158,277,457,42.06140012,0,7,920
159,319,545,48.20290002,0,7,3978
160,385,715,41.63359992,0,10,4895
161,281,498,39.52219996,0,4,760
162,688,1296,49.71050003,0,18,12656
163,585,964,42.85919997,0,7,7370
164,463,851,30.50250003,0,9,5150
165,405,709,42.0437001,0,12,2053
166,1470,2553,47.81269997,0,48,10421
167,1595,2790,51.46859998,0,61,17437
168,1340,2232,60.00889999,0,47,310
169,936,1549,41.79850003,0,36,460
170,1211,2038,56.6927,0,29,13419
171,859,1621,39.42570007,0,29,2509
172,711,1187,47.84459999,0,17,5800
173,716,1234,42.79980007,0,15,1712
174,724,1190,52.98520005,0,15,510
175,769,1321,39.78419992,0,18,2082
176,808,1321,58.32789999,0,32,3230
177,861,1497,49.41160002,0,19,12742
178,823,1314,48.62700003,0,26,3240
179,602,937,47.57890013,0,9,4430
180,612,1017,32.0690001,0,15,2806
181,800,1203,47.91590005,0,24,2360
182,843,1530,52.31109992,0,24,9107
183,952,1792,55.51330006,0,32,12871
184,819,1388,51.6231999,0,19,4363
185,765,1149,53.99219999,0,11,3640
186,703,1300,51.12080005,0,14,7300
187,1192,1941,54.48229992,0,17,13410
188,756,1267,51.88549989,0,11,5120
189,587,1111,53.90200016,0,22,4150
190,601,1029,45.62799996,0,17,4540
191,727,1291,54.08569998,0,15,7579
192,801,1284,53.78710009,0,11,9220
193,614,1042,57.21370009,0,9,3140
194,487,773,47.13190004,0,8,2520
195,592,984,45.7133,0,12,1420
196,621,1265,47.37070005,0,10,26452
197,485,844,34.79740015,0,7,5841
198,177,330,31.48889998,0,9,0
199,247,410,38.75119996,0,12,0
200,176,283,24.06670001,0,13,0
201,148,249,26.78999996,0,6,0
202,141,242,28.88440001,0,7,0
203,130,184,26.27450001,0,4,0
204,168,274,36.53170007,0,5,0
205,151,246,31.74789998,0,10,0
206,147,213,31.29330003,0,7,0
207,142,225,24.77139999,0,7,0
208,202,352,29.11580002,0,10,0
209,784,1249,55.34940003,0,13,10798
210,552,901,48.23700005,0,4,2120
211,625,1006,51.41150002,0,16,2339
212,357,522,43.92470005,0,9,6298
213,237,365,35.09650004,0,7,0
214,394,682,43.61900006,0,14,1320
215,393,672,50.87270012,0,8,2205
216,394,570,41.41980001,0,12,0
217,322,511,48.63009992,0,6,3720
218,367,570,41.62880006,0,9,7429
219,213,353,37.19230008,0,2,256
220,358,673,33.70030004,0,6,9446
221,359,659,25.17790002,0,7,8690
222,316,567,22.58330004,0,8,1080
223,257,385,18.0528,0,6,360
224,281,447,25.16670005,0,2,5720
225,223,369,29.84570004,0,1,2560
226,206,283,24.29540002,0,1,0
227,214,352,14.22750003,0,4,760
228,367,576,27.2124001,0,6,460
229,329,503,25.29310004,0,4,0
230,504,921,15.18850008,0,9,1200
231,277,418,24.36470002,0,4,0
232,312,492,22.70310003,0,5,3171
233,279,451,23.16340011,0,3,200
234,218,423,22.45530008,0,9,610
235,276,475,18.86010002,0,7,10759
236,328,579,18.75790004,0,5,10863
237,277,543,23.50760002,0,4,5050
238,252,453,18.20780001,0,6,2960
239,249,443,27.09070005,0,3,3900
240,227,356,12.88150002,0,1,1020
241,215,345,15.99640001,0,11,870
242,198,317,23.46239997,0,4,60
243,356,569,27.65060003,0,9,1120
244,571,947,21.29810003,0,12,5145
245,441,640,27.22779997,0,15,360
246,298,445,20.56310004,0,6,0
247,239,362,13.65610002,0,4,0
248,435,754,28.18720002,0,9,11880
249,307,545,20.6713001,0,4,3160
250,302,521,19.7243,28,9,12234
251,369,668,19.58310004,42,12,4326
252,342,514,24.37919997,36,5,7300
253,243,423,32.61810008,19,5,2690
254,535,937,20.29239994,47,5,10627
255,520,907,31.56490013,61,11,844
256,415,659,22.41979998,39,4,6130
257,336,535,31.40859997,34,8,460
258,462,687,24.38990007,36,7,1060
259,464,975,23.90480012,67,6,21534
260,429,809,22.7656,39,10,8921
261,384,704,24.1393,77,10,5848
262,341,607,19.22469996,44,5,4630
263,264,504,18.33450002,21,4,6716
264,306,565,13.48590006,48,0,1370
265,383,669,27.55600012,39,6,2006
266,580,918,31.31639999,41,26,870
267,550,988,30.6245001,26,18,8382
268,369,728,29.53290005,20,8,9344
269,262,471,20.38220002,14,3,7533
270,292,579,17.98530003,29,13,3230
271,355,589,23.67180005,50,8,8446
272,256,426,20.50550002,29,7,0
273,294,484,21.00809991,27,4,310
274,262,425,14.37390001,28,6,0
275,220,364,14.50349998,24,12,0
276,196,315,10.9073,13,7,0
277,217,318,14.40630004,33,14,0
278,513,797,23.21630001,30,12,6076
279,643,1197,21.92970008,60,26,8198
280,477,815,32.52430007,46,10,8475
281,480,882,15.31930006,57,5,6580
282,614,1077,22.97560002,35,19,12138
283,423,750,20.80020006,29,8,7318
284,472,818,22.84609997,58,10,1733
285,459,781,20.20110004,53,13,7192
286,510,871,19.5599,55,9,6401
287,524,1004,30.09669995,61,7,5988
288,571,998,25.1765,57,13,4959
289,501,970,26.37790003,45,16,6056
290,522,1008,26.0282001,43,6,8379
291,525,1129,20.39770001,42,12,16698
292,521,1120,19.61860005,54,14,18152
293,494,1024,17.43530001,45,9,4740
294,315,671,16.01210003,30,7,1538
295,387,853,18.97190008,34,8,14968
296,361,681,20.9667,36,2,7007
297,343,658,19.81140001,27,12,2527
298,452,982,21.39329998,46,16,18905
299,346,715,17.1757,35,9,6854
300,299,566,13.92299998,38,6,3597
301,337,691,13.13980001,48,6,9691
302,303,625,18.26620007,31,11,4374
303,372,670,30.87070006,28,4,5866
304,331,628,21.25870001,39,16,9418
305,327,733,16.86459998,26,5,5594
306,231,484,15.84160002,38,6,4136
307,362,680,19.25319999,53,3,9607
308,411,828,14.65090001,42,13,14800
309,410,887,20.27960003,34,11,6745
310,505,985,20.31590008,33,11,9730
311,3478,5774,28.57510014,118,112,60330
312,982,1612,27.43249997,36,28,9979
313,1662,3308,18.7493,108,46,35169
314,852,1765,20.07880004,87,20,24532
315,494,906,25.45250006,40,8,12504
316,504,989,31.99110003,53,9,7501
317,440,854,7.7357,54,11,8801
318,308,600,6.166499987,51,5,6752
319,338,624,10.37719997,29,11,9696
320,485,904,18.74490008,41,17,10528
321,453,876,20.94720001,27,16,8572
322,439,757,27.44449999,31,4,8915
323,408,750,21.80930009,27,7,6926
324,441,784,21.95710002,26,9,13896
325,406,676,14.64660005,25,3,5088
326,564,1094,16.44670004,39,11,28156
327,394,703,29.33100006,30,8,6449
328,639,1248,11.65670003,135,31,12098
329,508,874,20.81180009,28,10,6701
330,353,570,29.98250005,24,12,2180
331,399,672,18.44000006,30,8,3700
332,507,869,16.72099997,46,7,3949
333,351,640,10.76230004,23,6,5421
334,418,762,2.202500053,53,16,4558
335,514,987,7.808500092,51,22,5932
336,606,1236,13.83460006,58,9,11201
337,1652,3115,31.07050002,77,32,14261
338,862,1595,33.98730005,44,12,23173
339,871,1590,28.97880001,61,22,16793
340,716,1286,23.27650004,57,9,9092
341,700,1237,12.94230008,38,21,10070
342,636,1107,15.81319998,60,15,7438
343,778,1446,12.33590007,44,21,35476
344,731,1317,14.28670003,41,21,12306
345,760,1359,31.32320004,49,23,12821
346,668,1253,29.79050002,57,34,13900
347,631,1115,20.36690007,39,15,6681
348,750,1320,15.32709997,65,11,8734
349,627,1137,14.52779999,45,14,8449
350,579,1067,24.02790009,46,13,9155
351,654,1235,15.57240001,53,21,9816
352,869,1526,20.56300005,62,24,10764
353,780,1456,25.0875001,58,17,8706
354,649,1219,17.00889993,80,26,4666
355,792,1447,13.24530006,106,31,10157
356,889,1603,11.67690001,104,25,3830
357,1244,2379,16.7436,0,25,39893
358,786,1374,17.58210003,0,20,4528
359,833,1467,11.02369997,0,19,10300
360,775,1322,14.4187,0,13,7762
361,722,1319,17.16640005,0,18,5618
362,1132,2050,13.53120007,0,30,7512
363,880,1535,15.89610001,0,21,19286
364,679,1179,22.17700005,0,16,15351
365,718,1254,22.32080003,0,16,10365
366,780,1394,17.02260007,0,14,5590
367,867,1583,14.85200005,0,23,21998
368,864,1379,16.9192001,0,38,6980
369,868,1657,18.57690006,0,22,8061
370,859,1571,20.70790001,0,18,6756
371,742,1365,13.63879996,0,17,13860
372,800,1544,20.36770003,0,17,5171
373,871,1543,19.82649998,0,12,37842
374,805,1431,25.15720012,0,24,4738
375,861,1532,28.70580003,0,27,13600
376,769,1563,15.46810002,0,15,9977
377,685,1188,15.03980009,0,16,6798
378,813,1463,24.53190003,0,14,16448
379,705,1299,18.15660008,0,20,21845
380,743,1333,18.04630014,0,19,13895
381,555,1043,17.41759998,0,14,10808
382,704,1174,12.26090002,0,11,11459
383,642,1196,13.19319997,0,20,6628
384,1059,1861,17.75170007,0,24,8748
385,1105,1974,20.83440009,0,21,13298
386,1091,2089,16.87300002,0,14,30939
387,1754,2814,22.05360005,0,58,8358
388,3846,5507,19.96009999,0,94,40164
389,1468,2439,25.47819999,0,35,9228
390,1603,2814,26.16619998,0,31,18799
391,1761,3212,21.74530011,0,41,33036
392,1500,2518,25.07830001,0,47,5990
393,1172,1890,28.76240008,0,27,14783
394,829,1348,19.13240002,0,14,6789
395,873,1405,25.21140001,0,26,6759
396,946,1513,17.42100007,0,24,4660
397,1037,1758,20.54390006,0,33,8070
398,712,1112,22.70430013,0,20,1320
399,847,1475,21.62150006,0,24,10805
400,1085,1952,26.73700013,80,32,15577
401,1661,2719,22.10480014,80,41,23303
402,1132,1908,17.77360008,81,22,6360
403,906,1521,22.45000001,86,16,11185
404,816,1405,19.09840005,92,17,7725
405,1592,2593,31.96530008,73,36,34772
406,2188,3433,41.6430001,104,41,34947
407,1611,2508,32.51010005,117,33,13100
408,1312,2239,35.14039999,109,27,14064
409,1862,2955,41.8111001,135,31,20413
410,2110,3693,28.12450017,223,57,17684
411,1752,2916,41.53939998,191,58,14207
412,1408,2461,36.11360005,168,53,10227
413,1413,2393,37.3811001,134,28,24627
414,1402,2573,37.99520004,156,35,19587
415,1253,2167,35.43110013,147,31,7529
416,2143,3796,30.8886001,184,50,53584
417,1447,2474,40.8155002,184,30,14475
418,1267,2240,32.02190008,166,41,16927
419,1213,2047,37.06320018,117,26,15416
420,1106,1793,33.23170003,121,25,11687
421,857,1439,24.36000004,107,27,10450
422,1022,1706,32.26310004,120,20,8240
423,1179,2125,36.03680005,134,26,11153
424,1383,2464,36.42990004,166,40,10138
425,1255,2079,40.50320012,122,24,14029
426,1171,2099,40.09279998,109,35,10970
427,1144,1996,25.95090009,113,28,14620
428,981,1634,23.7864001,130,23,24637
429,1072,1872,26.19050015,129,28,6310
430,1326,2446,39.30040011,148,27,8391
431,1482,2704,37.54620022,172,34,9787
432,1352,2432,40.32350015,130,31,21350
433,1303,2216,36.26530012,137,33,13560
434,1513,2655,37.59450011,150,33,12050
435,1724,2948,37.22570013,131,38,48918
436,982,1667,39.52590008,122,26,13410
437,1235,2091,33.64950008,126,31,7303
438,1121,2023,35.96610022,116,19,11326
439,1330,2046,64.11900011,141,26,3690
440,1107,1732,36.19990003,115,17,15536
441,1062,1915,21.3595001,131,23,11250
442,1196,2068,33.68900005,107,30,13100
443,1043,1629,42.54160017,107,13,18224
444,1173,1969,32.76340012,150,34,14509
445,1276,1940,36.65580024,158,26,5342
446,1540,2366,45.28650026,168,24,17843
447,1577,2305,42.01160006,133,16,18433
448,1647,2600,32.3512001,145,44,15679
449,2307,3309,36.22650016,130,57,21137
450,1332,1888,34.40440011,116,25,9587
451,1058,1650,26.57060011,115,23,6588
452,1361,2110,26.74490014,109,43,17018
453,1167,1862,32.09310007,107,24,11315
454,1219,1887,36.0921001,80,34,9879
455,1147,1863,40.37500003,88,18,14565
456,1168,1817,38.84650017,86,46,18257
457,996,1545,34.77500015,81,14,5840
458,1071,1742,31.49560012,98,16,10660
459,1383,2097,39.91279998,94,28,13058
460,1149,1802,32.43620017,67,16,5320
461,1249,1976,39.71820027,72,22,4226
462,1405,2231,37.30940001,78,28,6697
463,1700,2412,38.09820008,93,16,18087
464,1492,2275,35.50970004,93,19,14685
465,1584,2421,52.00960018,88,35,19168
466,1467,2186,40.34310023,108,27,10574
467,1481,2554,50.77000004,115,24,40196
468,1053,1602,26.42130014,89,22,10400
469,1302,2066,31.77070006,80,14,9894
470,1487,2170,30.90300014,108,27,10279
471,1156,1803,35.66140012,83,25,12587
472,1210,1865,23.08100019,91,29,5640
473,1081,1715,29.93480013,86,24,11348
474,1103,1712,47.84070017,93,23,11770
475,1834,2666,44.88830006,101,22,12789
476,2040,3132,51.71870025,174,35,12365
477,1257,2025,39.31960008,105,14,23108
478,954,1310,36.80160008,70,3,6260
479,914,1339,29.31440008,72,12,3270
480,912,1348,29.96830013,86,14,3151
481,887,1302,35.62890019,63,14,6128
482,1350,2077,40.42020017,185,18,3540
483,1118,1691,35.82460015,93,36,1220
484,908,1252,45.68670002,64,6,5851
485,1337,1836,39.80540001,77,27,4461
486,1485,2102,38.3231001,132,12,7220
487,1212,1659,48.43570019,92,17,1411
488,1133,1649,39.05270001,90,13,13404
489,1161,1638,45.17910019,81,18,5799
490,994,1406,30.29450002,0,7,10040
491,899,1395,38.65130011,0,25,12940
492,880,1346,34.4688001,0,13,10538
493,1095,1657,37.71620006,0,10,2490
494,992,1527,38.31070004,0,33,6170
495,1399,2264,39.34100003,0,27,13569
496,1391,2852,45.25260014,0,26,5068
497,1316,2073,35.62840021,0,25,7295
498,1433,2300,33.47430015,0,34,15591
499,3220,5250,29.99520007,0,92,41869
500,1778,2740,27.59330006,0,37,6340
501,1495,2295,32.04610004,0,48,14211
502,1277,2031,30.97850008,0,27,13308
503,1533,2490,31.32350012,0,40,8662
504,1283,2094,37.20880017,0,15,10847
505,1264,2010,39.56370016,0,36,17340
506,1330,2060,34.06020012,0,44,18031
507,1320,2110,31.58390015,0,28,5858
508,2133,3750,25.37790014,0,48,24602
509,1437,2366,31.29750014,0,35,9131
510,1391,2096,43.4856001,0,44,7829
511,1512,2421,32.78280016,0,32,18063
512,1198,1769,35.47010006,0,11,6168
513,1165,1777,32.6493002,0,27,5596
514,1272,2089,35.01990017,0,24,7092
515,1570,2581,29.2066001,0,29,9624
516,1266,2169,36.73740019,0,21,25100
517,1555,2325,34.3632002,0,34,8797
518,1342,2185,31.29030019,0,28,10935
519,1110,1714,39.8307,0,15,13109
520,968,1409,34.9150001,0,41,13938
521,919,1588,37.34930013,0,30,10925
522,1052,1652,37.76340012,0,22,3749
523,896,1342,33.96230012,0,10,10200
524,969,1437,41.71080008,0,25,10338
525,949,1361,46.41040012,0,8,9719
526,748,1075,31.47380009,0,10,11290
527,909,1328,48.44210017,0,9,4578
528,836,1227,37.20580011,0,17,1240
529,941,1364,45.27230015,0,13,5920
530,1323,2154,38.75320019,0,16,15756
531,1290,1727,46.94700021,0,15,4628
532,1119,1621,45.74260005,0,22,9328
533,968,1340,46.71970009,0,11,7320
534,1090,1674,45.59850018,0,22,3958
535,1141,1670,44.95300023,0,33,2318
536,1183,1900,36.84410004,0,12,9958
537,1081,1676,35.22200016,0,21,9542
538,1054,1546,34.80920012,0,15,22446
539,779,1119,39.49150006,0,17,3830
540,1278,1748,42.47140005,0,29,9041
541,901,1283,41.95020006,0,11,13519
542,1022,1430,39.92860011,0,18,3277
543,949,1432,30.35970014,0,20,4948
544,989,1365,65.09600004,0,8,4260
545,1046,1581,37.9247002,0,13,4987
546,1151,1657,45.66920009,0,27,5199
547,1155,1640,35.01330019,0,16,6913
548,941,1409,40.81250004,0,24,8001
549,1025,1521,32.49150003,0,26,2340
550,1262,1876,37.94130011,0,21,4872
551,1257,1908,38.62990011,0,24,6079
552,1185,1800,43.6338001,0,24,8367
553,1404,2192,43.00130013,0,29,4900
554,1129,1764,39.17040013,0,13,9607
555,1175,1639,50.46840019,0,23,8717
556,986,1526,33.74070013,0,28,6720
557,1725,2529,43.2311002,0,22,8679
558,1277,1772,46.73810009,0,10,7499
559,923,1313,40.19190011,0,17,1750
560,905,1279,35.26470013,0,12,8397
561,1898,2711,47.38150018,0,30,6290
562,2005,3042,63.34969997,165,48,42111
563,1269,1939,49.91960019,114,27,17160
564,1392,2216,42.66290024,155,19,17244
565,856,1181,54.96750025,85,7,3820
566,1201,1754,51.72890022,93,14,14996
567,1307,1868,44.30840013,94,31,4318
568,1074,1582,52.76450006,72,14,10458
569,989,1526,34.96960016,68,8,9303
570,1067,1535,41.90850013,87,16,3700
571,1219,1705,58.37030023,75,25,11066
572,828,1079,38.56530011,73,14,6710
573,730,1011,55.20520013,83,17,1239
574,1132,1498,49.96750021,99,18,4328
575,1066,1487,48.47830022,99,20,5849
576,1054,1471,36.6251002,89,23,14121
577,1383,1972,45.96980021,175,26,4264
578,1548,2401,47.47390007,194,37,7740
579,1508,2329,53.17500009,118,51,13550
580,1277,2025,38.48830019,134,33,9838
581,1258,1840,42.95130015,153,32,7259
582,1111,1656,38.3332002,86,26,15480
583,800,1118,31.01540016,88,20,553
584,1122,1609,51.71280021,115,24,2100
585,1226,1744,39.89770019,138,23,10842
586,1227,1787,32.1471001,107,18,9533
587,1201,1709,37.73450023,102,17,11239
588,1345,1961,43.43170003,111,24,7285
589,1401,2061,44.31100016,109,58,5616
590,1084,1585,33.14930014,139,21,2687
591,1070,1598,58.17030004,128,21,2580
592,1362,1948,53.1664002,119,36,1270
593,1629,2668,37.39480018,132,30,22857
594,1022,1507,53.34290011,114,22,4000
595,1914,2817,76.24600004,145,37,5161
596,1195,1827,38.20200001,85,14,1750
597,1383,2054,50.15500022,105,28,8017
598,1275,1978,38.36420017,127,38,3870
599,984,1565,47.54820018,143,27,8447
600,737,1059,40.6801001,80,18,9623
601,897,1306,44.33460021,105,20,10570
602,857,1231,34.53380009,106,10,3838
603,1510,2064,57.17110001,80,27,3715
604,891,1289,35.04350016,67,16,3860
605,891,1299,41.99370018,81,7,5786
606,727,956,47.28990018,72,14,4281
607,796,1088,50.59030019,91,4,7316
608,638,884,33.97140013,48,7,5094
609,743,1008,19.25310018,58,25,3453
610,898,1280,39.92450014,86,11,3140
611,897,1232,33.83500013,91,13,3229
612,768,1085,42.78120013,105,14,2036
613,966,1405,44.89580013,98,16,5518
614,935,1390,34.70310007,104,27,4010
615,1024,1520,38.89780018,94,14,5728
616,884,1239,44.01330011,95,13,5481
617,925,1387,41.47150017,80,24,5949
618,805,1198,38.79800017,91,9,7450
619,975,1529,39.48540016,75,27,5197
620,994,1516,33.9477001,94,30,4943
621,712,1124,27.71400014,81,26,6336
622,764,1196,25.60110006,92,20,2863
623,891,1532,38.87110014,104,22,13180
624,792,1246,29.27450008,65,14,4358
625,663,961,36.66920014,65,16,4683
626,658,1117,20.81550009,73,12,2797
627,768,1124,26.08620016,98,6,5896
628,775,1185,29.80040014,84,21,8126
629,652,971,28.81230015,60,16,1200
630,531,774,36.00770007,72,9,2230
631,698,1016,39.20830017,99,20,2100
632,589,877,33.43750014,85,19,1286
633,672,1022,36.96790013,85,19,10290
634,712,1032,32.51460014,77,18,1510
635,792,1202,36.95810023,85,23,4961
636,661,981,26.72210015,104,13,2719
637,705,1074,39.92470007,83,8,4504
638,772,1112,36.2437001,77,30,3120
639,820,1173,35.00350006,80,17,2468
640,749,1147,19.1664001,85,17,5298
641,813,1303,40.38930015,101,20,5309
642,743,1129,38.68240018,84,13,3410
643,746,1141,29.13460013,73,18,1570
644,841,1331,33.26730014,123,8,2280
645,1052,1670,35.40080012,107,8,15446
646,1091,1597,34.06700013,93,11,9278
647,843,1219,31.89110007,104,8,5623
648,1084,1654,35.10070012,137,22,4828
649,951,1481,42.26550009,106,14,4117
650,1060,1693,31.70650019,132,22,4255
651,1032,1581,18.39040008,118,18,7328
652,903,1293,36.17940014,84,7,6574
653,1147,1625,26.01630007,112,20,6978
654,1244,2067,31.22750022,165,29,7328
655,1243,2006,38.09040019,153,24,7011
656,1028,1611,41.85210008,138,10,13417
657,982,1477,48.45560014,116,37,9739
658,928,1592,36.98570012,83,18,12037
659,911,1536,30.56080009,96,15,10907
660,887,1360,41.89220007,111,11,5386
661,1043,1624,34.68730012,122,17,11390
662,1054,1698,37.73280016,102,22,7836
663,934,1399,27.40440003,104,7,7487
664,910,1376,36.99030014,115,16,7367
665,894,1297,38.0800001,103,9,7878
666,900,1343,39.50540009,77,8,3670
667,1239,1820,36.28030016,109,16,11430
668,912,1399,27.02520016,128,12,6925
669,1069,1673,40.20050012,141,27,6360
670,900,1335,37.7003001,129,15,5227
671,1114,1787,49.08670022,143,23,6560
672,1539,2293,30.97750011,104,40,4530
673,1099,1691,45.99960016,104,17,18345
674,1112,1764,39.92380019,127,30,22216
675,1166,1758,40.99030018,131,17,5430
676,1155,1872,32.72570007,148,32,4412
677,861,1313,48.17830011,94,18,6828
678,958,1472,42.2787001,98,14,7310
679,984,1510,30.92260002,124,22,3177
680,859,1264,29.69580013,115,11,1551
681,850,1417,31.53630015,113,23,2900
682,1194,1850,32.66520014,126,36,6159
683,1080,1661,30.48070004,136,19,6276
684,996,1515,25.23490012,126,13,4910
685,862,1315,37.40920022,96,19,3740
686,1128,1749,30.90320013,94,25,6390
687,905,1363,31.4883001,109,19,6017
688,1003,1456,53.08950011,122,10,870
689,1172,1903,28.79220015,131,56,9354
690,1099,1627,33.79370014,135,25,6099
691,1049,1595,32.20160017,106,14,3470
692,1051,1630,32.03410004,137,18,5570
693,1175,1794,32.88590013,106,23,9872
694,1007,1553,28.79250011,144,21,4470
695,1094,1562,53.42980016,113,10,8998
696,1826,2779,28.36350015,186,58,19822
697,1527,2468,47.40630025,149,38,11264
698,1390,2078,37.89810003,139,22,25196
699,1335,2008,36.3919001,132,47,5780
700,947,1472,31.2931002,115,27,13438
701,1116,1656,44.08660022,128,37,3090
702,1010,1499,48.77990013,120,13,4977
703,1254,1892,30.59380016,120,28,2848
704,1190,1796,29.48130021,152,23,9520
705,1015,1572,45.4630001,135,21,5000
706,1357,2254,34.33400011,161,26,12383
707,949,1438,38.4302002,137,21,14074
708,845,1356,44.16060017,120,30,7118
709,1430,2141,41.95810007,145,24,7593
710,1903,3073,30.9283001,157,37,13468
711,1462,2260,33.39400008,175,16,6034
712,1109,1726,43.92800014,161,25,9331
713,1102,1565,50.95120008,127,29,4177
714,1224,1749,32.19950015,126,10,8820
715,1237,1876,40.84860017,103,23,10340
716,989,1460,46.04000021,108,20,9171
717,1201,1837,33.94030016,133,37,8777
718,1302,1966,38.37280012,151,31,5740
719,1027,1533,38.77380028,105,30,2155
720,1198,2002,35.20900013,141,17,25324
721,1099,1566,42.92600017,125,19,8796
722,1131,1618,42.13510019,114,9,5941
723,988,1383,36.18100017,130,23,9310
724,1238,1835,48.46710019,162,26,3831
725,1145,1556,30.86330013,146,29,5710
726,1183,1614,50.88270013,156,13,5880
727,1084,1703,35.59610017,149,32,17548
728,1483,2256,43.22140025,197,22,28633
729,1238,1852,31.22140016,164,21,5467
730,1257,2116,37.76420018,162,36,11048
731,1490,2435,72.46570015,187,37,12304
732,1241,1906,61.93260019,173,29,7014
